id;login;password_hash;email;activated;lang_key;image_url;activation_key;reset_key;reset_date
1;pfft but;aside yurt;"X@`b32.&";true;yippee treat hospice;gosh;glistening accidentally;courteous;2024-07-11T04:27:26
2;mellow strictly;office though under;"U+@j/?b\m.Nv3CH";true;lazily awesome crane;versus;joshingly aw coconut;given repulsive;2024-07-11T14:14:02
3;vinyl;meh psst suspiciously;"Z)$E@!v.'3*aM";false;mainland drat boldly;paltry flap void;stump;whether;2024-07-11T14:57:55
4;pish;consequently preselect even;"&;zL@N4Z.xLr%";true;divulge;sturdy helium versus;wise yum;hoist aw;2024-07-11T08:58:15
5;guilty atop;endothelium whose eek;"u=&@2.OY:5`:";true;detailed pish;source coaxingly actually;hmph meanwhile trail;versus travel overpay;2024-07-11T10:19:08
6;within fooey incidentally;jaywalk;"Xn@v#.uXN.";false;pro boo than;at acidic;towards;once;2024-07-11T07:37:25
7;famous babble loyally;even once wherever;"/YjI{@l|ybV.2JNs#";true;identity whereas;against;simplistic;concept;2024-07-11T15:40:36
8;consequently;aha ah;"S@gCL./220";true;until;powerful sherry;plus duh of;psst worth;2024-07-10T22:34:59
9;superb weary;incomparable;"f%-GT@'.KV";false;mid colorfully;who yowza boo;within lest;pfft until regular;2024-07-11T03:27:04
10;if energetically knowledgeably;which same;"t~lZ)1@J.VaSw?";false;aw yippee;zowie hideous;before;astride poorly minor;2024-07-11T01:44:52
