id;title;content;date
1;emphasise by and;../fake-data/blob/hipster.txt;2024-07-11T03:20:41
2;recklessly accidentally sometimes;../fake-data/blob/hipster.txt;2024-07-11T14:31:27
3;before zowie;../fake-data/blob/hipster.txt;2024-07-10T21:29:05
4;shallows green;../fake-data/blob/hipster.txt;2024-07-11T00:27:31
5;actually outgoing anti;../fake-data/blob/hipster.txt;2024-07-10T19:27:40
6;furthermore fickle;../fake-data/blob/hipster.txt;2024-07-11T13:19:23
7;excepting ah ah;../fake-data/blob/hipster.txt;2024-07-11T13:16:46
8;weather little;../fake-data/blob/hipster.txt;2024-07-10T22:09:02
9;constrict down;../fake-data/blob/hipster.txt;2024-07-11T17:15:11
10;brr;../fake-data/blob/hipster.txt;2024-07-11T16:22:43
