id;title;description;date;url
1;hm donate sour;apropos;2024-07-11T02:00:09;https://silver-giraffe.name
2;finally parliament;variety lively;2024-07-11T17:44:53;https://wooden-brushfire.biz/
3;huzzah huzzah though;anti including like;2024-07-11T19:13:37;https://elementary-witness.info
4;majestically consequently before;without;2024-07-11T08:35:32;https://second-constitution.info
5;frail if popularize;sick amongst;2024-07-11T07:13:15;https://incompatible-webinar.info/
6;pace barring obnoxiously;hmph deceivingly;2024-07-11T14:30:56;https://nice-statistic.org
7;woot inside likely;yahoo circa;2024-07-10T20:37:58;https://this-topic.com/
8;tarragon winter and;inasmuch versus;2024-07-11T10:35:53;https://giant-tobacco.com/
9;phooey unless;witness entrench however;2024-07-11T16:29:43;https://exhausted-rhetoric.biz/
10;sweat helplessly ragged;knowledgeable;2024-07-11T12:59:08;https://rotating-sociology.org
