id;title;url;date
1;downtown;https://alienated-midnight.name/;2024-07-11T17:28:57
2;drat;https://short-term-tackle.net/;2024-07-11T04:48:59
3;galvanise;https://distant-moat.com;2024-07-11T17:53:33
4;brisk messy refectory;https://which-bolero.info;2024-07-11T18:53:24
5;annually shocking;https://fearless-curiosity.biz;2024-07-11T05:22:57
6;birdhouse;https://married-mankind.com;2024-07-11T12:54:29
7;unlike balloon;https://instructive-sense.org/;2024-07-11T12:51:26
8;direct;https://attractive-dispatch.com;2024-07-11T02:12:38
9;for sweet;https://understated-hamster.net/;2024-07-11T12:33:55
10;pink nor anthropology;https://hefty-picture.com/;2024-07-11T16:25:33
